{"cameraMode":{"drawMode":0,"name":"Shaded","section":"Shading Mode"},"sceneLighting":false,"audioPlay":false,"sceneViewState":{"showFog":false,"showMaterialUpdate":false,"showSkybox":false,"showFlares":false,"showImageEffects":false,"showParticleSystems":false},"in2DMode":false,"pivot":{"x":-0.20999908447265626,"y":0.6499996185302734,"z":-2.0999999046325685},"rotation":{"x":0.31421276926994326,"y":0.48290255665779116,"z":-0.19092030823230744,"w":0.7947505116462708},"size":2.70257830619812,"orthographic":false}